"Reference","Qty","Value","Footprint","Description","Supplier"
"C1","1","1u","Capacitor_SMD:C_0402_1005Metric","Unpolarized capacitor, small symbol",""
"C2,C3,C5,C6,C11,C12,C14,C16,C18,C19,C20,C21","12","0.1u","Capacitor_SMD:C_0402_1005Metric","Unpolarized capacitor,Unpolarized capacitor, small symbol",""
"C4,C9,C10","3","10u","Capacitor_SMD:C_0805_2012Metric","Unpolarized capacitor, small symbol",""
"C7,C8,C13","3","22u","Capacitor_SMD:C_0805_2012Metric","Unpolarized capacitor, small symbol",""
"C15","1","100u","Capacitor_Tantalum_SMD:CP_EIA-3216-10_Kemet-I","Unpolarized capacitor, small symbol",""
"C17","1","10u","Capacitor_SMD:C_0402_1005Metric","Unpolarized capacitor, small symbol",""
"D4","1","Red","LED_SMD:LED_0805_2012Metric","Light emitting diode, small symbol",""
"D5","1","WS2812B-2020","LED_SMD:LED_WS2812B-2020_PLCC4_2.0x2.0mm","RGB LED with integrated controller, 2.0 x 2.0 mm, 12 mA",""
"J2,J3,J4,J5","4","JST1.25","Local Footprints:JST_1.25mm_RA_SMD_3P","Generic connector, single row, 01x03, script generated",""
"J6,J12","2","JST1.25","Local Footprints:JST_1.25mm_RA_SMD_4P","Generic connector, single row, 01x04, script generated",""
"J8","1","JST1.25","Local Footprints:JST_1.25mm_RA_SMD_8P","Generic connector, single row, 01x07, script generated",""
"J9,J10,J11","3","2.54mm","Local Footprints:_PinSocket_1x07_P2.54mm_Vertical","Generic connector, single row, 01x07, script generated",""
"J13","1","JST1.25","Local Footprints:JST_1.25mm_RA_SMD_2P","Generic connector, single row, 01x02, script generated",""
"J15","1","JST1.25","Connector_PinHeader_2.54mm:PinHeader_1x07_P2.54mm_Vertical","Generic connector, single row, 01x07, script generated",""
"R1,R2,R8,R9,R10,R11,R17,R20,R21,R22,R23","11","10K","Resistor_SMD:R_0402_1005Metric","Resistor, small US symbol",""
"R3,R4","2","5K1","Resistor_SMD:R_0402_1005Metric","Resistor, small US symbol",""
"R7","1","4K7","Resistor_SMD:R_0402_1005Metric","Resistor, small US symbol",""
"R13","1","100","Resistor_SMD:R_0402_1005Metric","Resistor, small US symbol",""
"R14","1","2K","Resistor_SMD:R_0402_1005Metric","Resistor, small US symbol",""
"R15","1","1K","Resistor_SMD:R_0402_1005Metric","Resistor, small US symbol",""
"R16,R18,R19,R24","4","22R","Resistor_SMD:R_0402_1005Metric","Resistor, small US symbol",""
"R25,R26","2","0R","Resistor_SMD:R_0402_1005Metric","Resistor, small US symbol",""
"SW1","1","BOOT","Button_Switch_SMD:SW_SPST_EVQP2_MiddlePushTravel_H2.5mm","Push button switch, generic, two pins",""
"SW2","1","USER","Button_Switch_SMD:SW_SPST_EVQP2_MiddlePushTravel_H2.5mm","Push button switch, generic, two pins",""
"SW3","1","RST","Button_Switch_SMD:SW_SPST_EVQP2_MiddlePushTravel_H2.5mm","Push button switch, generic, two pins",""
"U2","1","CP2102","Package_DFN_QFN:QFN-28-1EP_5x5mm_P0.5mm_EP3.1x3.1mm","",""
"U3","1","GY-87","Local Footprints:GY-87","",""
"U8","1","Ai-Thinker-Ra-02","RF_Module:Ai-Thinker-Ra-01-LoRa","Ai-Thinker Ra-02 410-525 MHz LoRa Module, SPI interface, U.FL antenna connector",""
"D1","1","BAT54C","Package_TO_SOT_SMD:SOT-23","dual schottky barrier diode, common cathode","https://chipn24.com/25-con-diode-schottky-dan-bat54c-kl3-sot-23-200ma-30v-id7944.html"
"RN1","1","10K","Resistor_SMD:R_Array_Concave_4x0603","4 resistor network, parallel topology","https://chipn24.com/25-con-tro-bang-0603x4-10k-0603-8p4r-id2625.html"
"R5","1","22K1","Resistor_SMD:R_0402_1005Metric","Resistor, small US symbol","https://chipn24.com/50-con-dien-tro-dan-smd-0402-22k-1-id10746.html"
"R6","1","47K5","Resistor_SMD:R_0402_1005Metric","Resistor, small US symbol","https://chipn24.com/50-con-dien-tro-dan-smd-0402-47k-1-id10754.html"
"J1","1","USB_C_Receptacle_USB2.0_16P","Connector_USB:USB_C_Receptacle_GCT_USB4105-xx-A_16P_TopMnt_Horizontal","USB 2.0-only 16P Type-C Receptacle connector","https://chipn24.com/dau-usb-type-c-v1-16p-usb-3-1-truyen-tai-hd-16p-han-board-co-4-chan-dau-jack-usb-han-board-id6292.html"
"U5","1","8205","Package_TO_SOT_SMD:TSOT-23-6","","https://chipn24.com/ic-dan-8205s-sot-23-6-smd-fs8205-8205-id2095.html"
"U7","1","ME6211C33M5","Package_TO_SOT_SMD:SOT-23-5","500mA low dropout linear regulator, shutdown pin, 6.5V max input voltage, 3.3V fixed positive output, SOT-23-5","https://chipn24.com/ic-dan-me6211-sot23-5-smd-me6211c33m5g-n-6211-s2rc-s2si-3-3v-500ma-id4966.html"
"J14","1","Micro_SD_Card_Det1","Local Footprints:Micro_SD_Card_Socket","Micro SD Card Socket with one card detection pin","https://chipn24.com/socket-the-nho-microsd-v1-co-lo-xo-id1466.html"
"U9","1","esp32s3_wroom1","RF_Module:ESP32-S3-WROOM-1","","https://hshop.vn/mach-thu-phat-wifi-ble-soc-esp32-s3-esp32-s3-wroom-1-chinh-hang-espressif"
"D2,D3","2","1N5819","Diode_SMD:D_SOD-123","Schottky diode","https://icdayroi.com/diode-1n5819-sod123-size-1206"
"U1","1","USBLC6-2SC6","Package_TO_SOT_SMD:SOT-23-6","Very low capacitance ESD protection diode, 2 data-line, SOT-23-6","https://icdayroi.com/usblc6-2sc6-tvs-diode-5-25v-17v-sot23-6"
"U6","1","AP2112K-3.3","Package_TO_SOT_SMD:SOT-23-5","600mA low dropout linear regulator, with enable pin, 3.8V-6V input voltage range, 3.3V fixed positive output, SOT-23-5","https://shopee.vn/Set-10-Linh-Ki%E1%BB%87n-%C4%90i%E1%BB%87n-T%E1%BB%AD-AP2112K-3.3-SOT23-5-AP2112K-3.3TRG1-3.3V-0.6A-SOT25-2112-AP2112-AP2113K-AP2112-3.3-AP2210K-3.3-AP2210K-3.3Tr12-i.840601719.19334064376"
"U4","1","DW01A","Package_TO_SOT_SMD:SOT-23-6","Overcharge, overcurrent and overdischarge protection IC for single cell lithium-ion/polymer battery","https://www.thegioiic.com/dw01a-ic-bao-ve-pin-1-cell-sot-23-6"
"Q3","1","Si2301","Package_TO_SOT_SMD:SOT-23","P-MOSFET transistor, drain/source/gate","https://www.thegioiic.com/si2301ds-mosfet-kenh-p-20v-2-3a-sot-23-3"
"Q1,Q2","2","SS8050","Package_TO_SOT_SMD:SOT-23","Bipolar transistor symbol for simulation only, substrate tied to the emitter","https://www.thegioiic.com/ss8050-y1-transistor-npn-25v-1-5a-3-chan-sot-23"
